Código,Turma,Professor,Link
 ADM031,T01,CLEBER GONCALVES JUNIOR,https://t.me/joinchat/KtPlpD8COyVkMzEx
ADM004,T01,JULIANA ESTACIO RIOS,https://chat.whatsapp.com/Kh7m6gTm6a1KFnJ2AUU8FV
ADM025,T01,Guila,https://chat.whatsapp.com/IpNcruVqNWOEHl6amI7hAC
ADM027,T01,Cleber,https://chat.whatsapp.com/EBb5M3UfWdqJsqdcFWycxW
ADM040,T02,Sandra Miranda Neves,https://chat.whatsapp.com/B6Q7tM2seOSKAafiolUzxe
ADM043,T01,Alexandre Ferreira de Pinho ,https://chat.whatsapp.com/C74AqgL9pRmJWEeOoSoNYa
ADM061,T01,Juliana Caminha Noronha,https://chat.whatsapp.com/CTCgWDbzfcoE5D3gb50nyE
ADM062,T01,Elzo Aranha,https://chat.whatsapp.com/F7aHnr9oTBc9hruygriUQf
ADM082,T02,Luiz Pasin,https://chat.whatsapp.com/HYC8y3bPSSS5f999U49Sh6
ADM083,T02,Elzo Alves Aranha,https://chat.whatsapp.com/H4aOtAbBwfy4FrWPfxByTb
BAC002,T02,MARCIA DE SOUZA LUZ FREITAS,https://meet.google.com/dmn-wsci-nhz
BAC002,T03,Betânia Mafra ,https://chat.whatsapp.com/EiFceLGK9jMEEIcsMqRAjP
BAC002,T05,Daniella Ferraz Amaral,https://chat.whatsapp.com/I8JoaqsdMom98VDTXeNS51
BAC002,T09,Alessandra Rodrigues,https://chat.whatsapp.com/BD55pM2crxNIf3MQQr0Jt6
BAC013,T01,Lauren Ferreira Colvara,https://chat.whatsapp.com/BpkR0aTeBdx2imhn9M0DSB
BLI005,T01,Hisaías de Souza Almeida,https://chat.whatsapp.com/Jdou1OFFyu0AEBxpLJ68lI
BLI005.1,T01,SIMONE POLICENA,https://chat.whatsapp.com/DFHq3V1BPsyGuqc3XAvmqd
BLI005.2,T01,SIMONE POLICENA,https://chat.whatsapp.com/DFHq3V1BPsyGuqc3XAvmqd
BLI014,T01,THIAGO VERNASCHI VIEIRA DA COSTA,https://chat.whatsapp.com/FZTk9w0o23NCSu2g3NFcC7
BLI017,T01,Marcela de Moraes Agudo ,https://chat.whatsapp.com/JNOlFuLNkwbE3RygU6pGp6
BLI017,T01,Janaína ,https://chat.whatsapp.com/JNOlFuLNkwbE3RygU6pGp6
BLI017,T01,JANAINA ROBERTA DOS SANTOS *,https://chat.whatsapp.com/JNOlFuLNkwbE3RygU6pGp6
BLI023,T01,Thiago Vernaschi Vieira da Costa,https://chat.whatsapp.com/KAUdDH5rXGoEbqn2TlcrD2
BLI029,T01,Marcela de Moraes Agudo,https://chat.whatsapp.com/E9jXqMxKdVv4xo0XQavuAk
BLI032,T01,Marcela de Moraes Agudo,https://chat.whatsapp.com/DSBiVRGGWLMAjP34QjKu6W
BLI037.1,T01,HISAIAS DE SOUZA ALMEIDA,https://chat.whatsapp.com/LsAorKAhA3n8LBKIwpvXbq
BLI037.2,T01,HISAIAS DE SOUZA ALMEIDA,https://chat.whatsapp.com/LsAorKAhA3n8LBKIwpvXbq
BLI041,T01,Marcelo Chuei Matsudo,https://chat.whatsapp.com/CJgkufgfQf4FzgA1iNEw8C
BLI042,T01,Marcelo Chuei Matsudo,https://chat.whatsapp.com/K7pwgttdW6z0TPXniEyEqj
BLI300,T01,JANAINA ROBERTA DOS SANTOS,https://chat.whatsapp.com/BCWoQUXjOzpEpo7ZTWJwM0
CAT019,T01,Ana Carolina Penna ,https://chat.whatsapp.com/KB5zjzVZvD3GJYywtKEbRQ
CCO016,T02,LUIZ OLMES CARVALHO,https://chat.whatsapp.com/FSlGyiQxlZA64ZZXsjQH7l
CCO016,T04,Alexandre,https://chat.whatsapp.com/ETgr1aUz9q9LGF512K7sXd
CCO016,T06,Roberto,https://chat.whatsapp.com/GsSCOcPCulK9vVU1YBxHWj
CIC121,T01,CARLOS MINORU TAMAKI,https://chat.whatsapp.com/CNPWFvBKBt50XGWqykJD0j
CIC131,T01,ISABELA NEVES DRUMMOND,https://chat.whatsapp.com/Git8zIBXshPDFK7YmpPHfb
CIC250,T01,CARLOS MINORU TAMAKI,https://chat.whatsapp.com/GfFyOKJAtxB7MMZ7IYReX2
COM112,T01,VANESSA CRISTINA OLIVEIRA DE SOUZA,https://chat.whatsapp.com/FUGMixEQI6iIulKsDk28Nr
COM112,T02,,https://chat.whatsapp.com/EtIoYwlOChq6Iw1pfpPMaC
COM210,T01,,https://chat.whatsapp.com/KLb4w9inINqKrfoIobBGDF
COM220,T01,,https://chat.whatsapp.com/BvGNEDnMnBL1pWpe83UUIo
DES201,T05,CARLOS EDUARDO CORREA MOLINA,https://chat.whatsapp.com/Go5LWuexUxE7tTEzYHG1OD
DES201 ,T03,CARLOS EDUARDO CORREA MOLINA,https://chat.whatsapp.com/GH9b7ViDcvV4sRsqNjnpyX
DES204,T01,Diego Mauricio Yepes Maya,https://chat.whatsapp.com/DdRSQtxqm7j6tC1BDosfXw
DES204,T02,Jean Carlo,https://chat.whatsapp.com/Dherh3g9fLIIF6qsnN28FD
EAM002,T01,Rafael capaz,https://chat.whatsapp.com/EFUnYdF0L7RI4mDDDTzmmv
EAM002,T01,Rafael Silva Capaz,https://chat.whatsapp.com/Gzc5uJ3djNjHfhmFd8QuFP
EAM041.1,T01,Eliane Melloni,https://chat.whatsapp.com/Br8PbN5FVxJBME1RmdkPoo
EAM044,T01,Fabrina Bolzan Martins,https://chat.whatsapp.com/L0wRH3brYD79QPK5RSCVb1
EAM054,T01,Rafael Capaz,https://chat.whatsapp.com/Bk4BLCZ6GKpAV6wLpEIwkt
EAM720.1,T01,Regina Mambeli,https://chat.whatsapp.com/LfdHpW7NDa1Ja5hUAplJfH
EBP020,T01,Andre Aguiar Mendes,https://chat.whatsapp.com/GI1AvAXxZsyLbecl3wykU6
EBP033,T01,,https://chat.whatsapp.com/GDTyq6FwdDbIgbdvEOjMR5
EBP038,T01,Guilherme Youssef,https://chat.whatsapp.com/KUTNvzj3NbFJdm4EjuetTu
ECA410,T01,JOSIANE PALMA LIMA,https://chat.whatsapp.com/ChLhlYitVeNCnDNtMK1v9X
ECAA01,T01/02/03,LUIZ EDIVAL e KLEBER,https://chat.whatsapp.com/CgObx4v8ma18oSoXokLmH0
ECAA05,T01,GUILHERME SOUSA BASTOS,https://chat.whatsapp.com/Gi1IwIaWiYh8Ts8hEQDPNZ
ECAC02,T01,Caio Fernandes de Paula,https://chat.whatsapp.com/JNvf36uaSCo2BHDKMpczCc
ECAC02,T02,GISCARD FRANCIMEIRE CINTRA VELOSO,https://chat.whatsapp.com/Ch9R8solPfS3zb8ArN89HO
ECAC03,T01,LUIS HENRIQUE DE CARVALHO FERREIRA,https://chat.whatsapp.com/HSHMXBDOoPcKjiYUnTux2O
ECAC04,T01,LUIZ EDUARDO BORGES DA SILVA,https://chat.whatsapp.com/Dx7D6lTJ1Rd8bENYJVmktA
ECAC05,T01,Luiz Henrique de Carvalho Ferreira,https://chat.whatsapp.com/Gx7nQG127z6AciIkBO9pTZ
ECAC12,T03,CAIO FERNANDES DE PAULA,https://chat.whatsapp.com/FTed2kHNSOvHxxGNUwwp3X
ECAC12,T04,Giscard,https://chat.whatsapp.com/GNfbHFYJ6hh4PQ3p1IVBdD
ECAC13,T01,LUIS HENRIQUE DE CARVALHO FERREIRA,https://chat.whatsapp.com/H6AsHtoIds9CvnThF3DATh
ECAC14,T03,GISCARD FRANCIMEIRE CINTRA VELOSO,https://chat.whatsapp.com/EIQeGixuXimHLSd1jziOWX
ECAT01,T01,CARLOS WALDECIR DE SOUZA,https://chat.whatsapp.com/IO6Eb6Bk0cdCU9JNMb8F0Q
ECAT11,T01,CARLOS WALDECIR DE SOUZA,https://chat.whatsapp.com/CjJBjraNgqqLWJbINcSKQv
ECI 012.1,T01,Daniele Ornaghi,https://chat.whatsapp.com/Bfi3A8q8ZhcGcXjm27AVXK
ECI004,T01,Jesus Sanchez,https://chat.whatsapp.com/DW0CAfsARhKKV0QTopYYoH
ECI006.1,T01,RENATO DA SILVA LIMA,https://chat.whatsapp.com/KDd4ZqZjefLAdAs4OXDxVM
ECI029,T01,Daniela Rocha Teixeira Riondet Costa,https://chat.whatsapp.com/J9ZBvnVFFe5Kwan9lYY7fE
ECI031,T01,Luiz Felipe Silva,https://chat.whatsapp.com/GL4MlVRkK5Q5mo2brRTQ1Y
ECI033,1,ADINELE,https://chat.whatsapp.com/LKN6dQSZEUP28RYmrUl51H
ECL201,T01,Ana Lúcia,https://chat.whatsapp.com/Khh4aTauu4hJosWtPxK18J
ECN001,T02,,https://chat.whatsapp.com/KuNi8KgV8i31m3NCvkXkT5
ECN001,T05,Viviane Guimareas,https://chat.whatsapp.com/Hm1c0mmGYOvDmKkCx15LV7
ECN001,T06,VIVIANE GUIMARAES PEREIRA,https://chat.whatsapp.com/LyBELZutMuq65qp1689QXN
ECN001,T07,Victor Valeiro,https://chat.whatsapp.com/DUtZPwmnDEe9AKAioAU3kU
ECN001,T4,Viviane Guimarães Pereira,https://chat.whatsapp.com/Lu1WRMIVhdB9ib4Ll9xETI
ECO904,T01,Carlão,https://chat.whatsapp.com/C9sjyWp4SYi62iOMVMvwsj
ECO921,T01,Bruno,https://chat.whatsapp.com/DwEq0D5s7dIAmsVzFm1W0Y
ECOE47,T01,Bruno,https://chat.whatsapp.com/E3oqdCDGsVsEdOsbSO7C4T
ECOM01,T01,EDMILSON MARMO MOREIRA,https://chat.whatsapp.com/FbBIKcP44II5E9OPwNuvhH
ECOM05,T01,Tathy,https://chat.whatsapp.com/ERmBgd8KL5M3QvZZZScf4t
ECOM11,T02,JOAO PAULO REUS RODRIGUES LEITE,https://chat.whatsapp.com/IvowyjTkkmh3kNfYwbHkIe
ECOM11,T03,JOAO PAULO REUS RODRIGUES LEITE,https://chat.whatsapp.com/IaiLVuCwZrNHOAhK6U9BgB
ECOM13,T01,JOAO PAULO RODRIGUES LEITE,https://chat.whatsapp.com/EbX61CKSteYLjvNNmHSdaE
ECOP02,T01,THATYANA DE FARIA PIOLA SERAPHIM,https://chat.whatsapp.com/JWxMTUCRXhZEhTBj4ZfhV1
ECOP03,T01,ANDRE BERNARDI,https://chat.whatsapp.com/IEZ5YExchvh3z9o7xdLcpu
ECOP04,T01,Otavio de Souza Martins Gomes,https://chat.whatsapp.com/Drk3sWeb9vKHGlp4BbQCJd
ECOP12 ,T02,EDVARD MARTINS,https://chat.whatsapp.com/LeuMNGTYVwZCPbGzks8PcD
ECOP12 ,T3,EDVARD MARTINS DE OLIVEIRA,https://chat.whatsapp.com/DPrzkncSqV9FTxz5sN0aBo
ECOS02,T01,Bruno,https://chat.whatsapp.com/FAdUGOhNMkZChntjPdljA2
ECOT02,T01,Enzo,https://chat.whatsapp.com/IfTm6CCZI3JIqd2LBcAriO
EDU006,T01,Denise Pereira de Alcantara Ferraz,https://chat.whatsapp.com/CDdeYhXgLAC6l4ZAW3TkI9
EDU006,T02, ROGERIO RODRIGUES,https://chat.whatsapp.com/K6agp1aKQrLExVAhsgxUf3
EDU006,T02,Denise Pereira de alcântara ferraz,https://chat.whatsapp.com/EWrzihCUYff93TVPY0ptxZ
EDU006N,T01,Denise Pereira de Alcântara Ferraz,https://chat.whatsapp.com/KQl7PwIBBB81l7vLVF9kDE
EDU12,T01,Pauli Cezar Nunes Junior,https://chat.whatsapp.com/FDFHgzAfKpOCJsElkQRI3y
EDU962N,T01,Paulo Cesar Nunes Junior,https://chat.whatsapp.com/Fv4jia41Tnv7vv2ql6ieoR
EDU968,T02,Paulo ,https://chat.whatsapp.com/HOZHpX5TrfU89Eq0NyYVwi
EEL056,T01,JOSE MANUEL ESTEVES VICENTE,https://chat.whatsapp.com/CkLPfWJ0qhdAEqDs9hU9y3
EEL056,T03,JOSE MANUEL ESTEVES VICENTE,https://chat.whatsapp.com/CkLPfWJ0qhdAEqDs9hU9y3
EEL105,T01,,https://chat.whatsapp.com/ElSYtL4ajneCEa7XSxWdvS
eel106,t01,gustavo paiva lopes,https://chat.whatsapp.com/KNithNiAO5JLKoFH9hx8rf
EEL115,T6,LUIZ LENARTH GABRIEL VERMAAS,https://chat.whatsapp.com/BUPeApJP3wsIpF7ewUEucU
EEL116,T03,AIRTON VIOLIN,https://chat.whatsapp.com/HtzO9q7Jscv2o1nhhWVJoa
EEL116,T2,AIRTON VIOLIN,https://chat.whatsapp.com/BC4GM43RkPw7peAycJW7Vm
EEL203,T01, FABRICIO SILVEIRA CHAVES,https://chat.whatsapp.com/KjEhG8QBCU2AoVrZhPbQ3t
EEL310,T01,Estácio ,https://chat.whatsapp.com/Id97EDOfQ9O2swtjIQvjiV
EEL310,T02,Benedito Isaias,https://chat.whatsapp.com/EiNOkQHvtOTKeYXWqIA8V1
EEL310,T03,RICARDO ELIAS CAETANO ,https://chat.whatsapp.com/G7coZtr5kwoDsLrIET32Bl
EEL310,T05,Benedito Isaias Lima Fuly,https://chat.whatsapp.com/JoUUw74Fd6o8KLSWIR8nSU
EEL315 ,T04,JOSE CARLOS GRILO RODRIGUES,https://chat.whatsapp.com/IxnnPjvdHOU9HoG7I9HbQS
EEL503 ,Modelagem,Camila,https://chat.whatsapp.com/IVlQdQywn3Q8JRtxxj820Q
EEL521,T01,João Guilherme,https://chat.whatsapp.com/BxsnUGPtIXqCThJSyucpFM
EEL605,T01,CREDSON DE SALLES,https://chat.whatsapp.com/HDN90nHhgC3DHO6rUHUbdl
EEL615,T01,CREDSON DE SALLES,https://chat.whatsapp.com/GbQDb0z8wk5KzXXRbSGhrF
EEL701,T01,Gustavo Paiva Lopes,https://chat.whatsapp.com/HtAELAjQnaEJ04TGeWEhC5
EEN704,T01,Rubenildo e Christian,https://chat.whatsapp.com/KMKUQxJ68kqHV9sAjskMwS
EHD014 ,T01,ARTHUR BENEDICTO OTTONI,https://chat.whatsapp.com/K9c1TeGMQES8HQ0mGVYyMM
EHD517.1,T02,BENEDITO CLAUDIO DA SILVA,https://chat.whatsapp.com/ErALAGdZjO62kJKm0vF5j4
ELE204,T01,Robson Pires,https://chat.whatsapp.com/LwwPf2cqZMWCQ7rPRBXvOW
ELE401,T01,Gustavo Paiva Lopes,https://chat.whatsapp.com/JXXREHlQ2sH1wLva9cZDBV
ELE402,T01,Thiago Cle,https://chat.whatsapp.com/FBvwJRJtguTCcYPZwYjmD6
ELE411,T07,Thiago Clé,https://chat.whatsapp.com/HzITk6ulzya9jxebapi9o0
ELE505,TO1,Frederico Oliveira Passos,https://chat.whatsapp.com/LQ2zJR1GtpJH3WTMyRY0gL
ELE506,T01,JOSE MANUEL ESTEVES VICENTE,https://chat.whatsapp.com/HqgpMMKOgNt7sh7md6a6pj
ELE515,T03,FREDERICO OLIVEIRA PASSOS,https://chat.whatsapp.com/HlnEP3FrkSN2zYbV13p8Y3
ELE935,T01,Bonatto,https://chat.whatsapp.com/INkY7NCPB20KiCRZfL1nkS
ELT03,T02,Maurílio,https://chat.whatsapp.com/JnYkwwFDyydDmEmunXx95X
ELT303 - ELETRÔNICA ANALÓGICA I,T01,LEONARDO BRESEGHELLO ZOCCAL,https://chat.whatsapp.com/D6IToxnGOjVK7qixnrFL40
ELT313,T02,Kazuo Nakashima,https://chat.whatsapp.com/ImErZhUHhowBEqOKLGP894
ELT502,T01,Zoccal e Vantuil,https://chat.whatsapp.com/FFkazKpVbgr4C0zXDh3Kz4
ELT510.1,T01,Egon Luiz Muller Junior,https://chat.whatsapp.com/CNdsoPDzoMZ2vJxM77UgWq
ELT512,T06,JOSE VANTUIL LEMOS PINTO,https://chat.whatsapp.com/DUUQ9JfuTEDIfC802RXsSV
ELTA00,T01,JOSE ALBERTO FERREIRA FILHO,https://chat.whatsapp.com/Dd7Bska41xeEQYMH9hVF8I
ELTA01,T01,Egon Muller Júnior,https://chat.whatsapp.com/DuHfLiskop5EW38Iwb6B8b
ELTD01,T02,TALES CLEBER PIMENTA,https://chat.whatsapp.com/KDQVSbUHYcjLBR3sbySwoq
ELTD02,T01,GABRIEL ANTONIO FANELLI DE SOUZA,https://chat.whatsapp.com/HFxgzJO0aoqFXiXqHDn9aT
ELTD02,T01,GABRIEL ANTONIO FANELLI DE SOUZA,https://chat.whatsapp.com/ICH8H6S7wIJB4VfBqzIFs3
ELTD03,T01,ENIO ROBERTO RIBEIRO,https://chat.whatsapp.com/KD7yiB2B2z19PAhaOKCKUu
ELTD03,T02,MAURILIO PEREIRA COUTINHO,https://chat.whatsapp.com/JnYkwwFDyydDmEmunXx95X
ELTD04,T01,Maurílio,https://chat.whatsapp.com/FIDS0tR7ZDp1BAOsKo2zZJ
ELTD05,T01,Odilon Dutra,https://chat.whatsapp.com/G198SEXBeHx1xipaBTZ5zZ
ELTD12,T02,GABRIEL ANTONIO FANELLI DE SOUZA,https://chat.whatsapp.com/G4BSZnKatOXFwxS8yYT9wr
ELTD12,T04,GUSTAVO DELLA COLLETTA,https://chat.whatsapp.com/IH3yQa46doCKUdfFDn534h
ELTD13,T02,Enio Roberto Ribeiro,https://chat.whatsapp.com/Da77pttXFna5Z1LiUPCS9i
ELTD13,T03,ENIO ROBERTO RIBEIRO,https://chat.whatsapp.com/EcFhfhMKyKs4hwem0cHMoE
EMA002,T01,Yohan Ali Diaz,https://chat.whatsapp.com/ByeIVRQEs1XKmNGJYMLDG3
EMA003,T01,Rogério Coimbra,https://chat.whatsapp.com/HGYxY330EPrLDcKgIpfnUd
EMA004,T01,ROGERIO,https://chat.whatsapp.com/LQaPZXpU0Jh9oRq4J041lT
EMA008,T01,YOHAN,https://chat.whatsapp.com/FcVem9UHszpIG7mNiYFhML
EMA017,T01,MARCELO,https://chat.whatsapp.com/IgE4k4YkfXMHxV9wdCM3h9
EMA019,T01,ROGÉRIO,https://chat.whatsapp.com/IinhAvCGaAZCwlxzfl0V46
EMA021,T01,PATRICIA,https://chat.whatsapp.com/CXyfsQnvyBoAR96pprg0WT
EME002,T01,MARCOS AURÉLIO ,https://chat.whatsapp.com/JSbBzyAYYPvJQn0iwMlJjy
EME002,T02,RICARDO RISSO CHAVES,https://chat.whatsapp.com/LYz1DyGeu1p06zMhzGFSmp
EME003,T01,"Barca, Risso e José Henrique",https://chat.whatsapp.com/LCcwUAXE3WM70VcTauuqMA
EME003,T02,"Jose Henrique, Barca e Risso ",https://chat.whatsapp.com/LLx3wL5qK8o57ik1EM9dGD
EME004P,T06,Barca e João Roberto,https://chat.whatsapp.com/HIW8UtVdzXpFKBL4STApVy
EME004T,T02,João Roberto,https://chat.whatsapp.com/JS6IPucisuY7v5wYkk1qL7
EME005P,T02,José Hamilton,https://chat.whatsapp.com/IuDAp0pETzY1DP8zqBN8Jk
EME005T,T01,José Hamilton,https://chat.whatsapp.com/EaqgRIkQCZW5XHPiIpqHFe
eme205,t01, VLADIMIR RAFAEL MELIAN COBAS,https://chat.whatsapp.com/JYWchPNAUhAFUbwsEoXO2t
EME303,T01,Chiarello,https://chat.whatsapp.com/LKoWaXjunyQCxH9At2PTxz
EME303,T02,Mirian de Lourdes Noronha Motta Melo,https://chat.whatsapp.com/EfzgIY0FZQQ9qgxaIvwgN7
EME303,T03, GLAUCO JOSE RODRIGUES DE AZEVEDO,https://chat.whatsapp.com/KSBFBHM8EQpKW5p0sCYVEf
EME303,T03,Glauco Azevedo ,https://chat.whatsapp.com/D7iHr6J3DM63k1dMuhjr0y
EME303,T04,Guilherme Ferreira Gomes,https://chat.whatsapp.com/J6zkMjfiyhXGWl9gaMmcHX
EME311, T04,Renata Penha,https://chat.whatsapp.com/KkUqi4F8jUN5rtBJghI8Bq
EME311,T01,KABAYAMA,https://chat.whatsapp.com/Bnqqt3yjRza7TRSLGUmG4b
EME311,T02,Janaina Cunha Vaz,https://chat.whatsapp.com/EQFcT8xynftK0zlCddm9HV
EME311,T03,JEAN CESCON,https://chat.whatsapp.com/LjybyDPhzGW4JY9CN69kg7
EME311,T05,Janaína,https://chat.whatsapp.com/Kaj1kTLwupXCtrtJjiceWu
EME313P,T03,Rubenildo,https://chat.whatsapp.com/Ca4eN8EtZ7CD4TzOL5QMPz
EME313P,T09,HELCIO,https://chat.whatsapp.com/DIFFhqESQb5IpHsEidWJIg
EME313P,T13,J. CARLOS,https://chat.whatsapp.com/C3MmxWU8ZSI3w64XEP3we7
EME313P,T13,JOSÉ CARLOS,https://chat.whatsapp.com/C3MmxWU8ZSI3w64XEP3we7
EME313T,T01,Hélcio,https://chat.whatsapp.com/GnKA93npX2RAiGUWQCCwyL
EME313T,T01,HÉLCIO,https://chat.whatsapp.com/GnKA93npX2RAiGUWQCCwyL
EME313T,T02,Rubenildo,https://chat.whatsapp.com/HMZLConLTfr17kmXXhpnKX
EME313T,T04,PIRANI,https://chat.whatsapp.com/IiPJzEjjejm4SmhZC7Vcn6
EME338,T01,Guilherme Ferreira,https://chat.whatsapp.com/D8NvUpk6rnq0Wptmun8Vkd
EME338,T01,GUILHERME,https://chat.whatsapp.com/GESvQPSFdk88M8xfW9nXOy
EME338,T02,Glauco Jose,https://chat.whatsapp.com/BhgSBkQmd0VAkf23fTEAWw
EME338,T03,PAULO PEREIRA JUNIOR,https://chat.whatsapp.com/Fjkf1WNPPcg4SMbOYVj3YC
EME338,T03,PAULO PEREIRA Junior,https://chat.whatsapp.com/LbqNyRxzYaj5LRzj2VW3Cl
EME402,T01,Jesus Sanchez,https://chat.whatsapp.com/KAIBtw90VG6IrkhWFtbEgs
EME402,T01,Jesus Sanchez,https://chat.whatsapp.com/KAIBtw90VG6IrkhWFtbEgs
EME403P,T03,José  Leonardo Noronha ,https://chat.whatsapp.com/BflWUKPuJxjB3HD65iNcE1
EME403T ,T01,Luiz fernado Barca ,https://chat.whatsapp.com/HedCGtSfudmDtQi6rqTXcV
EME405T ,T01,Patrícia da Silva Lopes Alexandrino,https://chat.whatsapp.com/GeXSVEmURFG6kiICoVPwn8
EME438P,T01,Felipe de Souza Eloy, https://chat.whatsapp.com/EK10ks1qkMe1K6o0EE8IBW
EME438T,T01,Felipe de Souza Eloy ,https://chat.whatsapp.com/KktnhdYIKT55SeXX5Zcz9f
EME438T,T01,Felipe Eloy,https://chat.whatsapp.com/KHqR6YlfLMp1nsFLRPZ7Mh
EME502P,T01,Waldir de Oliveira (W.O.),https://chat.whatsapp.com/K2IDItf9cG2JCNCqb4denY
EME502P,T02,WO,https://chat.whatsapp.com/JU6Cd7O8cEvBc7Ov6GLmYC
EME502P,T05,Ana Lúcia ,https://chat.whatsapp.com/JPFizD4ziInL3Bt0dJhNg8
EME502T,T02,Ana Lúcia ,https://chat.whatsapp.com/EH01vlcMNLPDnMHHxDDIB1
EME502T,T03,LUIZ ANTONIO ALCANTARA PEREIRA,https://chat.whatsapp.com/ENApB8VrAGI5Aj8COK6ATL
EME503,T01,Lucilene,https://chat.whatsapp.com/Dp2MfVOsgp6ChLXpo5RgZY
EME504,T01 ,Sebastiao Simoes,https://chat.whatsapp.com/ISuN5acHPib4MUbti0ilFU
EME504,T02,José Juliano de Lima,https://chat.whatsapp.com/EQ1qPTYPFol04CHN8KKE97
EME505P,T05,RICARDO RISSO CHAVES,https://chat.whatsapp.com/FZnYsrOLCutFOtmmyCrX8a
EME505T,T01, LEONARDO KYO KABAYAMA,https://chat.whatsapp.com/H9RsCJskNzL5LWlbYfKtrX
EME505T,T03,Mirian,https://chat.whatsapp.com/LCKAkMLwAJoGPJgA3LzAEP
EME511,T01,Felipe de Souza Eloy,https://chat.whatsapp.com/FdrS7C4Rups20WvLVgAwcw
EME512P,T02,Pirani,https://chat.whatsapp.com/Hbc2xWrVGDV7C5J4IiuhZg
EME512T,T01,ROGERIO JOSE DA SILVA e MARCELO JOSE PIRANI,https://chat.whatsapp.com/Jnh13cBLz572h58qzkmeer
EME512T,T01,Marcelo e Rogério,https://chat.whatsapp.com/DJQVbbyEBpO44f0jJmDaKn
EME701P,T02,Sandro ,https://chat.whatsapp.com/GJ2IoRTSEAeAhXyUpy8wfb
EME701T,T02,Genésio,https://chat.whatsapp.com/D402TpVVZY12Cx2ADzf4VW
EME704,T02,ELOY,https://chat.whatsapp.com/BApgfhtFzIaLCfLOi0oMhi
EME704,T02,FELIPE ELOY,https://chat.whatsapp.com/BApgfhtFzIaLCfLOi0oMhi
EME705T,T01,Angie,https://chat.whatsapp.com/GYpAbHUBmOLFju1soFhY6T
EME806,T01,JUAN JOSE GARCIA PABON,https://chat.whatsapp.com/BxtqI5G4qlEFDmvxhd34FS
EME902.1,T02,Juan,https://chat.whatsapp.com/KvXxQ59Tq48Fbr8cbckctU
EME904,T01,BARBOSA,https://chat.whatsapp.com/CZ99WX3nmNX6cLY6w50RFu
EME905,T01,JULIANO,https://chat.whatsapp.com/JS9WQrxrMfl3GdXvgT3mnB
EMT038,T01,Maria Virginia,https://chat.whatsapp.com/HMWDVJbIGAx87ecMenNDko
EMT039,T01,Antônio Silva,https://chat.whatsapp.com/DOGZCMTG4C6JJLaBDPWi9R
EMT044,T01,Renata Neves Penha,https://chat.whatsapp.com/J3d23R5v9mdHMGiMzMgAtj
EMT062,T01,Gerson,https://chat.whatsapp.com/DpYlvec8oap14RpJmMNI4B
EMY035,T02,ROGERIO JOSE DA SILVA,https://chat.whatsapp.com/Jd9stLEToFDK19547IaELE
EPR 710,T01,LUIZ FERNANDO BARCA,https://chat.whatsapp.com/CoLqT7FRcIqFgqdq1Elr5W
EPR002,T01, GLEICILENE SIQUEIRA DE MELLO,https://chat.whatsapp.com/K0y6yNimeri2XK0Yjom9Ar
EPR002,T03,GLEICILENE SIQUEIRA DE MELLO,https://chat.whatsapp.com/DO8uAIHtF3LGU2ELlt10kH
EPR002,T04,PAULO HENRIQUE DA SILVA CAMPOS,https://chat.whatsapp.com/ENaRt7DlCJGJzpKZiAc9bw
EPR002,T05,Paulo Henrique da Silva Junior,https://chat.whatsapp.com/BXFiBKQwBOJ6cwfR5sQfuy
EPR004,T01,Denise Ransolin,https://chat.whatsapp.com/LvngkuGDNKn5jMqmVnwzM0
EPR101,T01,José Henrique de Freitas,https://chat.whatsapp.com/LnWapeo5ZqY804NoRZ09P3
EPR301,T01,ELZO,https://chat.whatsapp.com/I46nx1SqGAD3eEdXtyESaj
EPR501,T01,Paulo Henrique da Silva,https://chat.whatsapp.com/JrtBTrJMiXk0tT404sVmUz
EPR502,T03,Edson de Oliveira,https://chat.whatsapp.com/Izs5k0HcbCLAaui9AOUHQf
EPR502,"T04,T05,T06",RAFAEL,https://chat.whatsapp.com/IhXi7o8tg7J7OKTOI49JTE
EPR502,T08,MOISES DINIZ VASSALLO,https://chat.whatsapp.com/DBwrWCtjU2WF9W5xm0ifdL
EPR503,T01, ANTONIO FERNANDO BRANCO COSTA,https://chat.whatsapp.com/GabLO1J52x06R429oHUAs6
EPR701.1,T01,Mello e Juliana,https://chat.whatsapp.com/Cv3JHzEBoSsGHU96AfwTdE
EPR702,T02,Fabiano Leal,https://chat.whatsapp.com/HEWK2WLLVZvLF6L5ooGE84
EPR703,T01,ANDERSON PAULO DE PAIVA,https://chat.whatsapp.com/IAq0u4la5eBFsntS0CyD7P
EPR705,T01,JOSIANE PALMA LIMA,https://chat.whatsapp.com/GiIKAE6CnXJHMJDD5o5XVI
EPR706,T01,Queiroz,https://chat.whatsapp.com/BCVV6gRWBxaFdr4qmATZwQ 
EPR707.2,T05,Mello e Juliana,https://chat.whatsapp.com/LwMQl1kpQVd3iAsL1pP9LP
EPR707.2,T06,Mello e Juliana,https://chat.whatsapp.com/Jh4ioNX0VG11Rg0Cd5lq5B
EPR715,T03,JOSE LEONARDO NORONHA,https://chat.whatsapp.com/KddaZmnBmpOIWhqzZDiSFn
EPR901,T01,Pedro Paulo,https://chat.whatsapp.com/GmTxZHrYLbpKXV4dEGCtfU
EPR922,T01,LUIZ GUILHERME AZEVEDO MAUAD,https://chat.whatsapp.com/BSfJIYA3MKXAnC60gAfGDz
EQI002,T01,Márcia,https://chat.whatsapp.com/IcdJcoZPIhGGbH9D3ufn2n
EQI004,T01,Maximilian,https://chat.whatsapp.com/H5T3QFc2vHIFTRM2zqL95d
EQI008,T01,Márcia ,https://chat.whatsapp.com/CAWYjtFjSCEJgfjSGsjx39
EQI010,T01,Thiago Vaz,https://chat.whatsapp.com/FkIBRI8B4W05Ija8vKeUf4
EQI023,T01,Karina Arruda,https://chat.whatsapp.com/JjPrexsJ7vX7uMSwmiTsRI
EQI046,T01,Eduarda Cristina,https://chat.whatsapp.com/HPiMWjFUwS94AbCBxLoCrj
FIS004,T03,Newton de Figueiredo Filho,https://chat.whatsapp.com/G89QP7qbPnrHxTVWrbRYaB
FIS011,T02,Agenor Pina da Silva,https://chat.whatsapp.com/BfyM3JhpBxbIJATVRxUDW3
FIS012,T02,Gabriel Rodrigues Hickel,https://chat.whatsapp.com/K5086Wlqu8k07Yl6kcuzkn
FIS104,T01,,https://chat.whatsapp.com/GXLqObHXEg9BVPjuIyA01K
FIS104,T02,Wilton,https://chat.whatsapp.com/BQIbMvBHJoZ8Np57trPulj
FIS104,T05,.,https://chat.whatsapp.com/HePq6jcgq4Z0QSLx7EM0hN
FIS104,T07,Carla Patrícia Lacerda,https://chat.whatsapp.com/Lk545wG9KolJZhoWPapr5I
FIS104,T09,,https://chat.whatsapp.com/GyP6F9iLS0dEQTHdAvT8D2
FIS114,T13,Carla Patricia,https://chat.whatsapp.com/FPcfWhy4Pyh9fGwrvMd6yw
FIS114,T21,Thiago Costa Caetano,https://chat.whatsapp.com/LLqmZiiKehZJIusu3EoljZ
FIS114,T32,Antonio Luiz Fernandes Marques ,https://chat.whatsapp.com/Egs1kHsNV1O9AlVzPaADyA
FIS114,T33,Eduardo Oliveira Resek,https://chat.whatsapp.com/DoDgr3bO1lRF5nbDlShKVc
FIS114,T33,Eduardo Oliveira Resek,https://chat.whatsapp.com/DoDgr3bO1lRF5nbDlShKVc
FIS304,T01,Roberto Shigueru,https://chat.whatsapp.com/LTqBcrSz4c9EU0vTTZJLRw
FIS304,T01,Roberto Nobuyasu Junior,https://chat.whatsapp.com/J7wKv3QrtAFJ5Y2QtMjcCK
FIS313 ,T03,Sandra Nakamatsu,https://chat.whatsapp.com/E6KJ8qNLEoB9kH2b5bIz8J
FIS374,T01,Thiago Caetano ,https://chat.whatsapp.com/FHxqlZq3l3tBcH5wAqxecn
FIS374,T02,Sandra Nakamatsu,https://chat.whatsapp.com/JzJujmBNiiYBTYpgDA6OBM
FIS403,T01,Eduardo resek ,https://chat.whatsapp.com/Ft0NeUVXxJF1fet3XU5rqd
FIS502,T01,Danilo Henrique Spadoti,https://chat.whatsapp.com/LZI2BaBG3NG4pmwayZ83l6
FIS502,T02,JOSE ANTONIO JUSTINO RIBEIRO,https://chat.whatsapp.com/ItC4zujkUNk794YOXTIiPG
FIS503,T01,PAULO SIZUO WAKI,https://chat.whatsapp.com/KN0mgwecXpxHy0Q8WnmMoR
FIS503,T03,Paulo Sizuo Waki,https://chat.whatsapp.com/F9xTY5b5D9D5WMBqJ2xodg
FIS503,T04,Écio,https://chat.whatsapp.com/E9iAnotIut9KivWbekWjjo
FIS504,T01,Sandra Nakamatsu,https://chat.whatsapp.com/IpcekpHvNVI0nUyB7DKkrB
GEO011T,T01,ELIANE GUIMARAES PEREIRA MELLONI,https://chat.whatsapp.com/BsJSnGKSC8d1Kc4SAOe2m2
GEO014P,T02,Nivea Adriana Dias Pons,https://chat.whatsapp.com/Fs0ZXckcof3FDnJsaMuPGq
GEO014T,T01,Nivea Adriana Dias Pons,https://chat.whatsapp.com/KyWSLrI0TgdFr7NWaYp1cK
GEO015,"T01,T02",Adinele ,https://chat.whatsapp.com/Jugla56a6kK6IeGVIX6n5B
GEO017.1,T01,Samara Calcado,https://chat.whatsapp.com/EvBq4gpBNb8FlqlG5lvcOW
GEO017.1,T01,SAMARA,https://chat.whatsapp.com/CeLZHcLjYAS9QOR7U7ZQCj
GEO017.1,T02,SAMARA CALCADO DE AZEVEDO,https://chat.whatsapp.com/FJlAFwysiF9Ekp8D9201Xk
GEO017.2,T01,SAMARA CALCADO DE AZEVEDO,https://chat.whatsapp.com/Jqt6cGsOJ6PGzdCtSnJVBp
GEO017.2,T03,Samara Calcado,https://chat.whatsapp.com/JTN9zlaZ0jEEm36AeLsYPA
GEO017.2,T04,SAMARA,https://chat.whatsapp.com/G5rZBz3qgjv7jwudwMRctC
HID006.1,T01,Fernando das Graças,https://chat.whatsapp.com/HI2cqx2Y75yBHr2ndUoUyQ
HID007.1,T01,ALEXANDRE AUGUSTO BARBOSA,https://chat.whatsapp.com/DqReODOLGqqLitl5ieCX8Z
LET007,T01,Ana Carolina,https://chat.whatsapp.com/GCmHFX7e521B2m1LuMkKTH
LET007,T02,Ana Carolina Sales,https://chat.whatsapp.com/LB8Gy1IBq3f52rHcoTVmON
MAT001,T04,Edisom de Souza Moreira Junior,https://chat.whatsapp.com/EgmhfhbZ9NXE40pYx3e0iA
MAT001,T06,MARCIA SAYURI KASHIMOTO,https://chat.whatsapp.com/LUBvEvKM4n7JCohFXfeFS4
MAT001,T07,Kashimoto,https://chat.whatsapp.com/FVQo2qTMHri27Hup5nTuzr
MAT001,T08,GISELE,https://chat.whatsapp.com/JvmtECWyyHN892im0yKTXj
MAT002,"T01, T02,T03",ANTONIO CARLOS FERNANDES,https://chat.whatsapp.com/IM1DOcGWqpnCBzFa2WHLUZ
MAT003,T01,Luis Fernando de Osório Mello ,https://chat.whatsapp.com/BqQfIIu58pwKK78HBDu35w
MAT003,T02,Rick Antônio Rischter,https://chat.whatsapp.com/Kd97nqLmXyaCyYQEV05QpK
MAT003,T03,Alexander Fernandes,https://chat.whatsapp.com/L1UYneU1wZo3QvPa0SQVpJ
MAT003,T04,ALEXANDER FERNANDES DA FONSECA,https://chat.whatsapp.com/Gef3bc4rGuWDrDWVNWkliR
MAT003,T04,Alexander Fernandes,https://chat.whatsapp.com/L1UYneU1wZo3QvPa0SQVpJ
MAT003,T05,Leandro ,https://chat.whatsapp.com/EuD79tQFvRG7KX9pn2liNl
MAT003,T06,Leandro,https://chat.whatsapp.com/EuD79tQFvRG7KX9pn2liNl
MAT011,T02,Maicon Sonego,https://chat.whatsapp.com/JdHHI50Lojr7ynPq63HAi9
MAT011,T03,Lucas Ruiz dos Santos,https://chat.whatsapp.com/LmJQ7LbA52GAno1NoqYZ9C
MAT011,T04,Rodrigo Lima,https://chat.whatsapp.com/Fh92Yf6jMMsCIIkibQucZr
MAT011,T06,Edilson,https://chat.whatsapp.com/CH75Gtxb5ud7r6oYuXahfK
MAT012,T02,Rodrigo Silva Lima,https://chat.whatsapp.com/LIieuIAwLRP0bJkWZpdKOs
MAT012,T03,Rodrigo,https://chat.whatsapp.com/HylWKNnuAgW7E5lUsjqXVi
MAT012 ,T01,José Humberto Bravo Vidarte ,https://chat.whatsapp.com/GNMNtzocDSB0uzAjPP3MFL
MAT013,T01/02/03,NANCY CHACHAPOYAS,https://chat.whatsapp.com/IPM5mQmg1rI4B9jRMboTcz
MAT013,T04,Hevilla,https://chat.whatsapp.com/KRv8YmU588z0tisHRyMYh4
MAT017,T01,,https://chat.whatsapp.com/EuoVvKObCngH1nH58if4Id
MAT021,T01/T02,Ricardo Bascur,https://chat.whatsapp.com/LqoaNxrrLNP1teA3EAIvJX
MAT021,T02,RICARDO IVAN MEDINA BASCUR,https://chat.whatsapp.com/CIaidLYrIpG64TR5eoCPNw
MAT021,T03,Vidarte,https://chat.whatsapp.com/Bb8VpKZc28dB7sWXHjFa4D
MAT021,T04,Vidarte,https://chat.whatsapp.com/Bb8VpKZc28dB7sWXHjFa4D
MAT021,T05,Leandro Gustavo,https://chat.whatsapp.com/HEYPtE3B3uyLmv87RuwhnN
MAT022,T01,Denis,https://chat.whatsapp.com/B5rGWv3PJSU3P3tqbvsKbR
MAT022,T02/T03,VALENTIN,https://chat.whatsapp.com/KDXO9IY622DDxbLQjKiUey
MAT030,T01,Artur,https://chat.whatsapp.com/HFAGlcWjZbU0ynpBqT7qvU
MAT030,T01,Artur,https://chat.whatsapp.com/HFAGlcWjZbU0ynpBqT7qvU
MAT033,T01,Bráulio Augusto Garcia,https://chat.whatsapp.com/LBoHSGGHmiO2jvuTFveYUR
MAT069,T01,Lucas Ruiz,https://chat.whatsapp.com/KR5zyfk3Jr3AW3nzPQWiDR
MAT250,T01,Mariza Stefanello Simsen,https://chat.whatsapp.com/HnDHoKIQT2hGUbHpLQzZSF
MAT261,T01,Mariana Feiteiro Cavalari Silva,https://chat.whatsapp.com/E8kmR0xYFuJAx5Web4qafY
MAT350 ,T01 ,Fábio Scalco Dias ,https://chat.whatsapp.com/En6Rui5dLDdIGXnWKSF7Ka
MAT451,T01,Jacson Simsen,https://chat.whatsapp.com/LHLVhHd1tI6EMK0N2yhTTH
MAT510,T01,Eliane Matesco Cristovão,https://chat.whatsapp.com/JA1d50itJFC7FVvpQwTThS
MCM003P,T01,Antonio Augusto,https://chat.whatsapp.com/FhGivmCGc0qJoOAN3p7YOl
MCM003P,T01,Paulo Junho,https://chat.whatsapp.com/Es9jBhjNDsX5IOlcBJ52pS
MCM003P,T02,Paulo Junho de Oliveira,https://chat.whatsapp.com/H9LGwBd4drrHVc6p5EM7n6
MCM003P,T04,Paulo Junho,https://chat.whatsapp.com/L0660jE8d5JKRzHCYClM7i
MCM003T,T01,Antonio Araújo,https://chat.whatsapp.com/BqQ0xIYyJWmGYvikIS4SBI
MCM003T,T01,Antonio Augusto,https://chat.whatsapp.com/FhGivmCGc0qJoOAN3p7YOl
MCM003T,T02,Paulo Junho,https://chat.whatsapp.com/FcvUcwBDUlh6AGOnxWOid3
MCM006,T02,Antônio Augusto,https://chat.whatsapp.com/JvLtRlZXjJ14c9CfCJZcp7
MCM006,T03,Silmara ,https://chat.whatsapp.com/LGdBsukdyTEEK6QmRKGVXg
PGY046,T01,Carlos Mello ,https://chat.whatsapp.com/IjV0zwzpYmz3S5i24r04tt
PGY054,T01,Renato da Silva Lima e Jeniffer de Nadae,https://chat.whatsapp.com/GlI7LfdPuzmAS73LyG55kr
QLI004,T02,Evandro Fortes Rozentalski,https://chat.whatsapp.com/LhchOVEmQGXCHdm1QyrIQ5
QLI016,T01,Evandro Fortes Rozentalski,https://chat.whatsapp.com/FUHdnr6LQV6ILf2IknRQor
QUI 112 ,T02,,https://chat.whatsapp.com/HKp1NKTt62N3jNfPHMUXDe
QUI011,T01,Flávio,https://chat.whatsapp.com/BWTcDGLW4ri7nfrdFSxdif
QUI016,T01,Maurício Santos,https://chat.whatsapp.com/FNPXHdgJRkX08ax7JnNXn3
QUI016,T02,Mauricio Silva dos Santos,https://chat.whatsapp.com/CVNlH5hc7VzKsQDj3IV0GC
QUI017,T03,Frederico,https://chat.whatsapp.com/HZMA6lo6vDZ7jgetjnj54R
QUI022,T01,EDER DO COUTO,https://chat.whatsapp.com/DQkEbb4GUZ24BRtbak1iDv
QUI023,02,JULIANA FEDOCE,https://chat.whatsapp.com/DWsjBaY1ccbIdDuSieA3AM
QUI071,T01,Sandro José de Andrade,https://chat.whatsapp.com/IkD7tt0L7DIAUk2xpP4Aua
QUI072,T01,Flávio Soares Silva e Marcia Matiko Kondo,https://chat.whatsapp.com/JhVJmcKtMczG0SSbyAi63y
QUI112,T03,,https://chat.whatsapp.com/JB5YIapMLSX7xrT8K92ni0
QUI112,T04,Não definido ,https://chat.whatsapp.com/JLxXCuXU9xpGYjbs8mbrGN
QUI112,T06,.,https://chat.whatsapp.com/IEv9cgi4kFZ92czGDCJS0z
QUI112,T08,Não definido,https://chat.whatsapp.com/Fz8REpmiKl8EzADIUBeA1i
QUI114,T01,Milady Renata Apolinario da Silva,https://chat.whatsapp.com/Dt9QAOOcdT35yTRlFZOMJd
QUI114,T02,MILADY,https://chat.whatsapp.com/FbWN99nzXJn5gsLvD2YKvB
SIN313,T01,Adriana Mattedi,https://chat.whatsapp.com/KnlM9KlhrMZBdWConi1Ees
SOC002,T01,Eliana de Fátima Souza Salomon,https://chat.whatsapp.com/IsWL7fC3azB9Dnoozlepbr
SOC002,T05,Giovanni H,https://chat.whatsapp.com/HnxbZS4STJR7kdhQ4kphBz
SOC002T,T02,Lauren Ferreira Colvara,https://chat.whatsapp.com/LCl3qoltzeZ0Op1S6zDjxK
TELC01,T01,Danilo Spadoti,https://chat.whatsapp.com/L15OsmBTTMu4fvXpCXokml
Telc02,T01,Mateus Augusto ,https://chat.whatsapp.com/I36NnM00Fhj1iGpV4ZwFJa